,amplitude,beyond_1_std,beyond_2_std,cusum,eta,eta_e,inter_percentile_range_25,inter_percentile_range_10,kurtosis,linear_fit_slope,linear_fit_slope_sigma,linear_fit_reduced_chi2,linear_trend,linear_trend_sigma,magnitude_percentage_ratio_40_5,magnitude_percentage_ratio_20_10,maximum_slope,mean,median_absolute_deviation,median_buffer_range_percentage_5,percent_amplitude,percent_difference_magnitude_percentile_5,percent_difference_magnitude_percentile_20,period_0,period_s_to_n_0,period_1,period_s_to_n_1,period_2,period_s_to_n_2,periodogram_amplitude,periodogram_beyond_1_std,periodogram_beyond_2_std,periodogram_cusum,periodogram_eta,periodogram_inter_percentile_range_25,periodogram_standard_deviation,periodogram_percent_amplitude,chi2,skew,standard_deviation,stetson_K,weighted_mean,tag,tag_detailed,Comments
695211400034403,2.38,0.2937063,0.04895105,0.21013738,1.039928,1205707800.0,1.7029991,2.8136015,-0.43667126,-0.00044274033,4.4554236e-05,1578.6997,-0.0014021291,0.002471348,0.17025788,0.70461226,1691.387,17.17657,0.8139992,0.5244755,2.8050003,0.22467539,0.11647366,27.723873,15.16665,1.0356218,14.538932,0.9636292,12.390801,14.688282,0.056518555,0.026672363,0.11853118,0.0114581855,0.8618472,1.8731467,28.882809,1568.2723,0.41085908,1.0970883,0.8750423,16.457632,artefact,bright star,
695211400124577,2.0444999,0.3580247,0.0061728396,0.2031971,1.5884968,2624290300.0,1.4589996,3.1200008,-0.78489304,-0.003233576,4.8309947e-05,1189.0867,-0.0038289418,0.0023235832,0.18421687,0.6504161,2339.2117,17.405014,0.74500084,0.5555556,2.3669987,0.20020893,0.11779073,0.9351276,10.08104,14.757483,9.50574,1.0356128,8.815569,4.9011283,0.11276245,0.04220581,0.112881176,0.019039461,0.8247001,0.8937681,9.2794895,1209.4812,0.39787993,1.0822589,0.9030583,16.626255,artefact,bright star,
695211400102351,2.3619995,0.3966942,0.024793388,0.15529878,1.5498954,2136627800.0,1.4047508,3.0655994,-0.5797179,0.0014584974,6.752914e-05,750.32294,-0.001382971,0.0026106574,0.07964562,0.76856095,1789.5564,18.124578,0.77199936,0.553719,2.7129993,0.20988669,0.13024323,0.80584353,8.000417,0.44599366,7.6392827,4.1721096,6.292305,4.3310623,0.12585449,0.045410156,0.14410564,0.02246554,0.99288034,0.9689513,8.0500765,747.95715,0.32172066,1.1325752,0.9005635,17.092886,artefact,bright star,
695211400053697,2.2124996,0.31,0.08,0.22902994,1.3497758,489847520.0,1.0319996,2.3375015,0.15303779,0.00026319805,6.817923e-05,1384.9421,-0.0009292607,0.0025809533,0.11094041,0.55422413,869.9375,17.259052,0.52750015,0.67,2.3449993,0.18936218,0.075389884,122.911514,4.884791,98.32921,4.519038,3.5306718,4.330569,2.6312947,0.23852539,0.049316406,0.18262717,0.026980294,1.0745335,0.87694204,4.537641,1371.1017,0.28018767,0.917519,0.85131675,16.688284,artefact,bright star,
695211200075348,1.1079998,0.45833334,0.013888889,0.40089726,0.117357224,23674476.0,1.0240002,1.4849987,-1.0290656,0.017021256,0.0004516605,2.400737,0.01976219,0.0007724739,0.13281515,0.78734136,166.09914,20.397274,0.5255003,0.9722222,1.2105007,0.08380415,0.05730394,162.77707,22.4839,1.0079076,21.699013,0.9925431,19.321726,32.224648,0.037597656,0.012145996,0.10148751,0.04884685,0.8942766,2.8201306,63.978363,12.322401,0.16334897,0.55779994,0.90271497,20.001472,transient,,"MASTER transient, red star; has spectra but still not clear what it is"
695211400000352,2.4,0.2882883,0.045045044,0.1600939,1.6023535,939619500.0,1.2997513,2.4751997,0.26909614,-0.001184555,4.407478e-05,1495.7402,-0.0019372485,0.0022577478,0.16345128,0.6633408,1075.0,17.05753,0.6630001,0.6306306,2.962,0.19825692,0.09684446,27.40988,8.943194,1.0361598,6.0055637,0.96423125,5.228,4.93005,0.107421875,0.041748047,0.14333825,0.017687635,0.7360784,1.0194563,9.457602,1488.7095,0.58317256,0.98310757,0.86488706,16.49382,artefact,bright star,
695211400088968,1.7659998,0.3359375,0.015625,0.2374729,0.97053164,669890400.0,1.4659996,2.2136002,-0.9728527,0.0015217171,5.9749582e-05,616.9839,0.0010685589,0.0018332808,0.24300067,0.739655,938.6431,17.64946,0.67500114,0.640625,2.0959988,0.1509524,0.09338925,25.483734,9.009458,14.753741,7.4844294,122.64047,6.467089,7.5360723,0.09790039,0.04663086,0.17166907,0.024452234,0.87955827,1.562311,14.599635,617.2433,0.36690226,0.86633533,0.8709915,17.032112,artefact,,empty field fits
695211400117334,2.0170002,0.304,0.04,0.2259167,1.2196878,1659338900.0,1.3892517,2.3850002,0.34686399,-0.0013815612,6.537477e-05,565.31726,-0.0027452814,0.0023010226,0.17860387,0.68490523,1162.7339,17.630182,0.59199905,0.688,2.932001,0.15693094,0.09391705,28.515747,10.750413,1.0353675,7.108358,0.96572614,5.215734,9.4760685,0.07861328,0.03930664,0.15217437,0.01230244,0.9554049,1.6692536,18.446514,564.35394,0.8994012,0.93137527,0.8920214,17.02492,artefact,bright star,
695211400028274,2.113,0.31851852,0.044444446,0.1554242,1.6205633,1274164100.0,1.2905006,2.348999,-0.43121886,-0.0011476646,5.281235e-05,1064.3679,-0.002064964,0.0019735638,0.16012575,0.6690095,1503.2318,17.65982,0.644001,0.65925926,2.1689987,0.17045832,0.088715285,27.73546,9.464938,1.0355318,6.7450185,0.964032,4.3994737,6.368265,0.09667969,0.026855469,0.15826121,0.011946907,1.0236189,1.2433405,12.130541,1059.9569,-0.03379745,0.90595067,0.8766734,16.931715,artefact,bright star,
695211400133827,2.1799998,0.37,0.02,0.26821584,0.931083,69395096.0,1.3939972,2.2754993,-0.3150735,0.0007276013,6.9943744e-05,663.1384,0.000983744,0.002242406,0.17578764,0.77741224,227.2621,17.61426,0.6739998,0.65,2.9439983,0.14596866,0.10166088,26.671322,8.359358,1.0373697,6.8765745,51.974884,4.865707,5.9774537,0.08959961,0.05029297,0.16198683,0.015353855,0.857513,1.3179022,11.432131,657.53534,0.5594554,0.88794667,0.8892474,16.999174,artefact,,empty field fits
695211400053352,1.7589998,0.26890758,0.025210084,0.15045811,1.6154139,5872776700.0,1.3764992,2.3509998,-0.83884764,-0.0003613008,0.0001265722,236.78674,-0.0027185401,0.0022528046,0.27090892,0.6691622,2293.76,19.085997,0.57299995,0.7058824,2.3309994,0.1493115,0.08112625,27.34806,6.3242536,29.761126,6.012299,54.69612,5.175628,3.1590614,0.123046875,0.048583984,0.17457232,0.018629404,0.8578872,0.8686186,5.756784,234.84921,-0.5365668,0.9139562,0.92231333,17.916967,Cl*,,"Part of the Cl*, does not explain variability directly"
695211400048384,1.6070004,0.27450982,0.039215688,0.24899244,1.5487579,1642380300.0,1.4109993,2.3843002,-0.665272,0.0022310119,0.00010126205,268.0724,-0.0006679372,0.0021985825,0.14726117,0.7125362,1709.2197,19.05707,0.3260002,0.7058824,2.6049995,0.13696705,0.08694919,121.02297,10.113528,1.0070438,7.9594064,0.99055874,5.7567444,7.2213616,0.080566406,0.03857422,0.14029558,0.024486687,0.9590559,1.3381073,13.954023,270.22012,-0.859564,0.90821546,0.92603254,17.799685,HII region,,HII (ionized) region
695211100022045,1.3059998,0.28181818,0.054545455,0.37234372,0.19249469,127563440.0,0.5089989,1.5860004,0.09361553,0.015123418,0.00030782513,5.646566,0.011170212,0.0009145837,0.08525116,0.5762921,291.74194,20.229708,0.21699905,0.8363636,1.7520008,0.09367032,0.044777557,241.9875,12.762694,56.463753,6.264701,0.99524826,2.993921,14.71895,0.056640625,0.021972656,0.12181947,0.02724955,0.9423169,2.2157104,28.834238,27.740152,-1.0342281,0.5841094,0.9250929,19.562902,transient,PNV,AT 2017ixs; Atel11755; seen in 2017-10-29
695211200009221,0.80999947,0.003937008,0.003937008,0.061779488,2.0181544,387896800.0,0.020000458,0.03609848,242.3762,5.8432423e-05,2.3282233e-05,9.420779,0.00025758293,0.00015299932,0.15288189,0.6925922,91.6344,16.853226,0.010000229,0.996063,1.5709991,0.002718702,0.0014841224,0.49663046,5.3848295,0.3317294,4.8693376,0.13967325,4.541226,1.1434081,0.368515,0.032699585,0.38648167,0.016487585,0.49184906,0.31057313,1.7027059,9.408762,15.390822,0.09965429,0.314029,16.848158,artefact,bad column,
695211200020939,0.72350025,0.007968128,0.007968128,0.07434244,1.9873632,153998740.0,0.017999649,0.038000107,205.50272,0.00015616647,2.0140398e-05,22.296392,0.00030161624,0.00014324926,0.16686556,0.63946193,59.88343,16.172995,0.009000778,0.99601597,1.4090004,0.0029661476,0.0015031314,1.0424887,5.456713,1.0028633,5.1403656,133.56885,5.104059,1.4655845,0.30844116,0.044708252,0.3250995,0.013795668,0.6063726,0.4341234,2.4752884,22.450747,13.874649,0.09346513,0.2759912,16.169338,artefact,bad column,
695211100002984,0.66550064,0.062176164,0.010362694,0.08755121,2.0226605,38186370000.0,0.05649948,0.11120033,112.57236,0.00022702372,7.991368e-05,12.524579,0.00016604888,0.0001567545,0.13876912,0.63669574,1226.1593,18.686224,0.028999329,0.9948186,1.1920013,0.008213028,0.0037881637,0.36563155,6.6315374,0.17290309,6.5742173,0.26762673,6.010647,2.2046933,0.2765503,0.042663574,0.09247814,0.024433903,0.6495998,0.5281637,3.593881,12.501567,-9.33474,0.09816477,0.3071065,18.6649,artefact,plane/flying body,
695211200058391,1.0799999,0.33009708,0.03883495,0.39542148,0.33610725,96941336.0,0.56550026,1.0341988,0.3773427,-0.017751595,0.0013887776,1.8956162,-0.016543921,0.0018286064,0.1472018,0.7254905,278.86224,20.784298,0.26199913,0.9708738,1.5030003,0.062424365,0.03628676,82.962555,20.340267,107.851326,20.174002,1.0079563,19.132858,17.297194,0.069366455,0.022613525,0.13440083,0.022435341,0.8741748,1.656223,34.118484,3.478692,0.8112802,0.41532615,0.79850996,20.626154,uncat,,Variable; red star; in Gaia list
695211400132963,1.9674997,0.296,0.048,0.22518529,1.1686229,2439586300.0,1.2652512,1.7810001,0.20129085,-0.0071965256,6.2161416e-05,440.95718,-0.004325482,0.0016093904,0.28244555,0.78298634,1398.4536,18.507341,0.56699944,0.832,2.7280006,0.12995665,0.074723974,132.82468,7.572851,166.03085,7.32501,10.597714,6.4928865,5.4308677,0.10986328,0.04711914,0.15447322,0.036953464,0.98939586,1.2979814,10.263127,545.4896,-0.75184894,0.7805078,0.7786547,17.595028,artefact,M31 center,
695211400121607,1.0439997,0.3611111,0.0,0.43561032,0.365767,738136100.0,0.94799995,1.390501,-1.2256165,0.010255142,0.00044060047,3.9071767,0.009911309,0.0009973882,0.379028,0.7834595,670.1593,20.340683,0.5035,0.962963,1.0685005,0.08266937,0.05353718,120.89732,11.515269,193.43573,10.431858,0.9929965,1.8609841,21.618479,0.036621094,0.013183594,0.13634802,0.009869535,0.9539973,3.646029,42.746563,8.932074,0.15502642,0.5622053,0.8771614,20.012375,Var,,[JPN2003] V206
695211400130264,2.1644998,0.27272728,0.060606062,0.20777012,1.5062382,2802569000.0,0.7854996,1.9089985,1.6239707,-0.0019411772,5.028812e-05,691.6854,0.0013504355,0.00149517,0.10904392,0.56967026,1390.8195,18.43687,0.38100052,0.830303,3.1099997,0.1351377,0.05848659,0.99284524,11.393047,164.73593,10.847559,0.49827063,9.734781,6.1072454,0.101257324,0.042785645,0.1242334,0.04083507,0.79173446,1.0041231,11.76159,696.5635,-1.113008,0.7519029,0.8089633,17.505594,artefact,M31 center,
695211200035023,0.91950035,0.1875,0.086538464,0.3723267,0.13555983,220374260.0,0.46749878,1.0993996,1.0527883,-0.0025889059,0.00025364695,8.034832,-0.006269326,0.00074865617,0.18070291,0.48744974,270.88126,19.775417,0.23500061,0.96153843,1.4744987,0.06289199,0.027213508,139.49709,39.10125,1.0055492,34.846535,102.29787,33.028786,39.347816,0.040878296,0.011169434,0.11127256,0.02092023,0.8291334,1.9905725,78.20182,8.496761,1.292874,0.39398065,0.87015027,19.604841,uncat,,Variable; red star; IrS; in Gaia list
695211400009049,0.7635002,0.42857143,0.0,0.43876296,0.19451323,72289330.0,0.8080025,1.1659985,-1.336752,0.01198008,0.00059187174,1.8802285,0.011355527,0.0007723617,0.23027453,0.8435678,215.63307,20.497328,0.3550005,1.0,0.9109993,0.06095221,0.047687322,132.68202,12.765915,176.90936,12.076268,1.0064375,3.6726398,25.170649,0.028808594,0.0234375,0.09347614,0.017951576,1.0788717,3.831684,49.701527,5.5525804,-0.28241137,0.44471774,0.91044694,20.274681,uncat,,Variable; red star; in Gaia list
695211400134262,2.084,0.33846155,0.03076923,0.18945234,1.6511868,2282840800.0,1.1550007,1.8394985,0.040600777,-0.0022766117,5.3516218e-05,549.99963,0.00022740064,0.0016306123,0.26929837,0.74802965,1348.7742,18.103548,0.57699966,0.77692306,2.823001,0.123472996,0.07537658,138.8802,9.195513,0.9920015,8.157412,1.0044373,3.8035138,4.7265973,0.13452148,0.04638672,0.13515003,0.036971297,0.9288976,0.93475866,8.90033,559.7526,-0.3745707,0.74037373,0.7776583,17.455154,artefact,M31 center,
695211400070144,0.76299953,0.40625,0.0052083335,0.4010087,0.054155238,142227660.0,0.55799866,1.1210003,-0.85921454,-0.008021564,9.800906e-05,3.4801702,-0.008241808,0.00018311989,0.12906797,0.58019453,155.10208,18.899876,0.24950027,1.0,0.8069992,0.063220486,0.03439441,237.74812,28.252954,0.99476206,26.831982,1.0022169,23.517612,41.046,0.04574585,0.016937256,0.10357655,0.036872372,1.0684086,2.8630269,81.51794,38.527668,-0.23087272,0.38359717,0.8701914,18.67009,Var,,
695211100003383,0.9925003,0.37086093,0.01986755,0.39171794,0.17153211,185440540.0,0.5250015,1.2126007,-0.60873413,-0.010283131,0.00021502985,1.0794002,-0.010444198,0.00026620642,0.15255618,0.7613393,205.34584,19.870771,0.26600075,0.98675495,1.0510006,0.07537863,0.046298925,252.71445,27.102943,1.0028352,25.46417,0.9944494,22.65825,30.539751,0.05618286,0.018859863,0.12122131,0.036103263,1.0768688,2.2129931,60.51334,16.31351,-0.2243074,0.45072305,0.90991545,19.55374,RSG,,
695211400134258,1.3505001,0.45689654,0.01724138,0.14656031,1.7129431,58590580.0,1.2799988,1.6981983,-1.1191461,-0.002389512,5.3828222e-05,492.32376,-0.0009355531,0.0016450204,0.26258993,0.8429519,108.55266,17.79134,0.6295004,0.8448276,1.6840019,0.10821756,0.08018706,6.4418025,6.3548174,1.1809971,6.024784,30.670671,5.520698,3.5999215,0.13085938,0.05053711,0.17570882,0.033196524,0.928466,0.995603,6.6809063,505.18423,-0.15742524,0.67231834,0.87496597,17.295605,artefact,M31 center,M31 center
695211400134417,1.6090002,0.3432836,0.03731343,0.15518609,1.7260344,1825962400.0,1.1509991,1.7964993,-0.30915737,0.0022394042,6.8100635e-05,382.76468,0.0018957626,0.0015931646,0.11751983,0.75385475,1387.883,18.484451,0.43700027,0.74626863,2.1219997,0.12583166,0.072430186,1.4781883,8.545529,3.0793657,8.054343,140.11115,5.167151,3.6074245,0.11621094,0.04248047,0.13476458,0.042020336,0.7528157,0.7650264,6.77667,388.0115,-0.62653124,0.7297338,0.8498491,17.693888,artefact,M31 center,M31 center
695211300004359,1.5075006,0.3140496,0.041322313,0.38329798,0.2396968,478493860.0,0.7287502,1.3518009,0.14169264,0.012649524,0.00017542297,21.399963,0.008001677,0.00086299464,0.097646035,0.6391476,443.95364,18.994236,0.33799934,0.90909094,1.5200005,0.09140032,0.04533293,0.9934342,23.089113,202.36255,22.825483,1.0032848,19.01471,16.069664,0.09059143,0.036712646,0.17306177,0.042804625,0.9276508,1.3524834,31.639,64.55915,-0.06584261,0.53945565,0.8550958,18.556396,Nova,,Atel7462 - burst in 2015
695211400134778,1.46,0.2815534,0.0776699,0.16554342,1.5762964,2971005000.0,0.73949814,1.5286007,0.38451242,0.007901454,9.533307e-05,360.47498,0.005537002,0.0018114311,0.12932743,0.59996104,1588.4673,18.10595,0.3390007,0.8640777,1.7280006,0.11795814,0.050434496,35.66391,6.6619635,23.235579,4.105467,139.41347,4.0766535,3.5550795,0.12451172,0.05029297,0.20206836,0.025048828,0.95466423,0.9414196,6.587105,424.33218,-0.5601015,0.5915401,0.8179064,17.60979,artefact,M31 center,M31 center
695211400134621,2.072,0.22222222,0.042735044,0.20517562,1.2867802,315413150.0,0.8167496,1.3111992,2.7496169,-0.0038005414,3.8303406e-05,1136.2908,-0.0024403513,0.0014058037,0.18305433,0.707673,355.1633,17.16193,0.38100052,0.9059829,2.6619997,0.11014792,0.053638957,165.14906,6.602354,23.085354,5.859444,1.0865071,5.453967,3.615403,0.123291016,0.05126953,0.18203114,0.043423723,0.99753076,0.9590203,6.6509542,1211.3478,-1.063906,0.6259713,0.7334898,16.854887,artefact,M31 center,M31 center
695211200008801,0.67350006,0.011857707,0.007905139,0.06451646,2.0271401,609031600.0,0.027999878,0.06219864,204.37367,1.699591e-05,4.0764004e-05,2.6606464,-2.5094354e-05,0.00013255556,0.12101958,0.5771849,79.73542,18.002453,0.013999939,0.99604744,1.2749996,0.004270337,0.0019948941,0.119777285,5.442803,0.13610841,5.3552103,0.17809844,5.299682,1.468396,0.29375458,0.046066284,0.32679382,0.009525874,0.60547423,0.4382573,2.4848347,2.6507895,13.597945,0.084409654,0.49465427,17.997524,artefact,bad column,bad column
695211200015230,0.52299976,0.008032128,0.008032128,0.07777724,2.0278504,2018287900.0,0.015001297,0.031000137,189.93678,0.000101975835,2.0275194e-05,14.19985,0.00020074013,0.00010563467,0.17478688,0.58063126,207.87187,16.36501,0.00799942,0.99598396,1.0090008,0.002448108,0.0011002903,133.57315,6.1529894,2.0010958,5.2882032,0.18626201,5.2727256,1.5436795,0.27233124,0.050498962,0.26064244,0.016433753,0.52061814,0.3962639,2.5553162,14.245676,13.245135,0.06841418,0.28562996,16.362492,artefact,bad column,bad column
695211200008024,1.0365,0.011811024,0.011811024,0.09324339,1.3083307,57451310.0,0.012000084,0.030200005,160.52722,-9.2854665e-05,1.8494124e-05,65.82279,-0.00015646088,0.00022159828,0.12962963,0.5297944,57.436096,15.510282,0.006000519,0.992126,2.026,0.0024390137,0.001032378,0.982981,6.4896054,61.057167,6.3799276,0.49467608,5.202432,1.8947729,0.26973724,0.058502197,0.30581853,0.002758126,0.4642473,0.45825666,3.0297594,65.68193,12.172644,0.14367922,0.21048187,15.50418,artefact,bad column,bad column
695211200009492,0.7250004,0.007874016,0.007874016,0.086196594,1.0770705,2339769900.0,0.02299881,0.045200348,126.6564,6.107278e-05,2.8893217e-05,9.274656,0.00033821567,0.0001691128,0.1442152,0.61946154,354.10684,17.359947,0.01099968,0.992126,1.3859997,0.0035964788,0.0016138258,0.98752344,4.1520987,0.116021544,4.0090647,0.49663046,3.9375212,1.8318049,0.40701294,0.025047302,0.41309887,0.009032265,1.0693691,0.6279377,2.6465006,9.256352,11.048281,0.110400654,0.33489618,17.352139,artefact,bad column,bad column
695211200032218,0.5435004,0.008064516,0.008064516,0.0910558,1.0143721,128225530.0,0.014499664,0.028999329,119.73657,-0.00013929517,1.8654628e-05,38.391594,-0.00019708421,0.00013915384,0.12785678,0.6207248,31.743164,15.688053,0.0069999695,0.9919355,1.0580006,0.002493603,0.0011479976,79.15575,6.158714,0.9853413,5.6202154,1.0128934,5.3802614,2.4658327,0.405159,0.024795532,0.42345732,0.003664314,1.1364754,0.65510523,4.064188,38.491333,10.87466,0.08977137,0.2211058,15.685491,artefact,bad column,bad column
695211400046832,0.9790001,0.14563107,0.029126214,0.22439513,0.78643703,295042620.0,0.21299934,0.44000053,18.727877,0.0021064465,0.0018520302,0.83460444,-0.00097314926,0.0019261276,0.15488356,0.6090894,341.42136,20.558653,0.10800171,0.99029124,1.6500015,0.028225023,0.013061048,76.90168,11.650066,1.0118642,11.465618,0.9847712,10.752406,5.0081,0.20132446,0.04348755,0.08295485,0.13915028,0.9028253,0.7862724,9.366056,0.83931345,3.3787644,0.24534866,0.72139883,20.518684,uncat,red star,Variable; red star
695211400128515,1.408,0.36283186,0.017699115,0.24136654,0.7737859,2583052000.0,1.0182495,1.6068001,-0.7583971,0.0015460462,0.00010590429,250.77141,0.0020072788,0.0016481379,0.19803067,0.75168145,1364.6271,18.304432,0.51799965,0.84070796,1.5300007,0.10927071,0.06598207,29.324684,10.134665,1.0348098,7.673511,51.13022,5.398101,11.244014,0.08276367,0.03149414,0.14205046,0.010705753,1.1077605,2.093123,21.808714,250.43471,-0.09673421,0.6354819,0.85003513,17.793673,artefact,,delta ~ 2 mag; bright star nearby; empty field fits; object in PS
695211400027347,0.967,0.36697248,0.018348623,0.43079275,0.30135322,587397300.0,0.8239994,1.2782001,-1.0904046,0.011836369,0.000538324,1.833114,0.010799228,0.0007445998,0.26801604,0.7288378,381.95312,20.598843,0.41700172,0.9908257,1.0549984,0.07401443,0.045172896,199.47324,12.728124,132.98215,11.939267,0.99388754,8.022832,21.740726,0.037109375,0.017822266,0.10550278,0.013193219,0.86132145,3.3199868,42.99591,6.2917056,-0.19567598,0.4890834,0.86151767,20.341236,Var,,"2MASS J00434749+4112585; however, it's position is not exactly corresponds oid"
695211400123032,1.7414999,0.3309859,0.028169014,0.14536743,1.5480721,8258435000.0,0.91399956,1.7042999,0.32848,0.004294566,8.4015854e-05,408.42932,0.0023775834,0.0014746317,0.18652171,0.6644955,2090.8105,18.392693,0.4510002,0.8450704,2.2574997,0.116762266,0.06158404,27.7183,9.332059,1.0359365,6.0020022,0.9638883,4.600239,6.0178094,0.08935547,0.04296875,0.15126649,0.012778012,0.8573611,1.2004238,11.581607,424.05035,-0.7095582,0.6695745,0.8209327,17.704647,artefact,bright star,bright star
695211400128356,2.1585002,0.24836601,0.052287582,0.21555993,1.2614814,2453895200.0,0.99699974,1.6851997,2.32902,-0.00963596,8.189073e-05,309.70636,-0.0039162147,0.001414115,0.122479334,0.7433545,1139.4818,19.124063,0.3619995,0.83006537,3.5439997,0.11898188,0.06471231,178.54932,10.464977,0.99194074,10.4012575,34.009396,9.460969,5.9864798,0.119506836,0.042663574,0.17303808,0.036670607,0.99379164,1.0581475,11.425224,398.76382,-1.3218805,0.7328956,0.74016935,17.948902,artefact,,empty field fits; near M31 center
695211400101443,1.5149994,0.36752138,0.017094018,0.22096162,0.85765284,935830850.0,1.1339989,1.8733997,-0.7370138,-0.0005626454,0.00017229066,136.93213,-0.000612024,0.0017896704,0.16553214,0.7275537,1045.4053,19.0417,0.4979992,0.8034188,1.8969994,0.11513375,0.071226954,27.3971,11.174375,1.0367218,7.421856,0.96378165,5.176361,10.55593,0.08178711,0.025146484,0.15673408,0.010420006,1.0039096,1.7921369,20.561722,135.84462,-0.3797829,0.7046555,0.8705593,18.301554,artefact,,empty field fits
695211400134257,2.3440003,0.24840765,0.050955415,0.20820394,1.3114613,2778140200.0,1.0394993,1.6773987,2.1567042,-0.009566954,8.08865e-05,304.26614,-0.0036824187,0.0014069068,0.1353163,0.74782586,1139.4818,19.121689,0.38100052,0.82802546,3.5239992,0.11648054,0.06486721,0.99223375,10.393483,1.0284362,9.508439,164.78714,9.463315,5.920559,0.117370605,0.041748047,0.16495481,0.03852764,0.96494657,1.0519834,11.262469,391.99707,-1.228385,0.73680925,0.7359435,17.9627,artefact,,empty field fits; nearby Nova event M31N 1926-07c
695211400133656,1.6145,0.39,0.02,0.23633337,1.2086061,2915913500.0,1.281498,1.9749985,-0.9135058,-0.003534214,8.707226e-05,169.89258,-0.00015552313,0.0018056276,0.28786933,0.74962145,1765.1041,18.908974,0.6365013,0.81,2.098999,0.12016698,0.07777376,144.78716,9.566132,0.99217826,6.5115895,2.100539,6.1599445,4.744601,0.106933594,0.044677734,0.16316743,0.04934259,0.8798859,0.90462345,8.906256,184.81615,-0.32955697,0.76180714,0.8385918,18.103882,artefact,,empty field fits; near M31 center
695211400134643,1.5314999,0.2735849,0.056603774,0.2711808,1.0040765,1450286600.0,0.7600002,1.7486992,0.7920077,-0.0062671187,9.3280585e-05,164.4776,-0.003777719,0.0014805326,0.059712306,0.6202327,979.7625,19.152859,0.26850128,0.8207547,2.3985023,0.114343114,0.055888508,176.55136,11.450202,0.99325657,6.157291,1.0045596,5.7190986,7.876385,0.10522461,0.039794922,0.21455674,0.042161044,1.2231877,1.2898962,15.205954,205.90242,-1.2329788,0.679399,0.86312854,18.184935,artefact,,empty field fits; near M31 center
695211400134038,1.5929995,0.26890758,0.05042017,0.22188431,1.3520218,517422340.0,0.78775024,1.2682018,0.9464185,-0.0035404915,3.7978316e-05,961.4363,-0.0028461819,0.0012756044,0.20626193,0.7656515,531.6875,17.063015,0.40399933,0.8907563,2.163,0.112943925,0.05680692,132.87871,7.6899395,0.9911391,6.577382,71.18502,4.8598213,5.210471,0.12060547,0.0546875,0.13941681,0.04371912,1.111709,1.2207239,9.811195,1026.9146,-0.770762,0.57462955,0.77423316,16.801588,artefact,M31 center,M31 center
695211400133905,2.0085,0.2647059,0.05147059,0.20105374,1.1116099,3095530000.0,0.8290005,1.3215008,1.7781198,-0.0051510995,4.3805107e-05,613.2972,-0.0018146969,0.0012686969,0.19618349,0.73128986,1245.1854,17.756859,0.41349888,0.9117647,2.4144993,0.09446542,0.054272328,194.94139,6.3940744,32.005302,4.984049,3.8155787,4.774501,3.5638587,0.1303711,0.05810547,0.1712463,0.045951575,0.9446762,0.9771722,6.5890436,711.20154,-0.7844955,0.6043248,0.73832375,17.322025,artefact,M31 center,M31 center
695211400133964,1.5994997,0.3181818,0.036363635,0.15295106,1.2981815,1101375600.0,0.8899994,1.5279999,0.18799734,-0.005575013,8.044564e-05,231.04922,-0.0030710376,0.0015165061,0.14400005,0.7156415,1022.3604,18.548344,0.43349934,0.8727273,1.8610001,0.10764842,0.058856778,6.8903136,5.1402497,200.58469,4.7533674,72.21049,4.629381,2.577479,0.13623047,0.052734375,0.19195677,0.06142177,0.8579289,0.84212583,4.6068287,272.99005,-0.43164688,0.6273388,0.7897945,17.942,artefact,,empty field fits; near M31 center
695211400134208,1.7040005,0.34,0.02,0.20736729,1.5946649,1558342300.0,1.1504993,1.9349995,-0.40811682,-0.004140013,0.00010751687,159.08067,-0.0027684588,0.0018039203,0.21964394,0.70749444,1260.475,19.199852,0.56550026,0.8,2.3495007,0.12044107,0.07087213,133.28561,8.048672,4.4641113,7.0029283,4.7360373,3.4897401,3.397815,0.11816406,0.03515625,0.15906633,0.045284085,0.67763853,0.7664514,6.42554,172.44795,-0.6299614,0.75989646,0.8379169,18.251207,artefact,,empty field fits; near M31 center
695211400133292,1.7325001,0.22222222,0.06837607,0.19750269,1.1481102,3192790500.0,0.54049873,1.276001,3.0293715,-0.010975517,7.417046e-05,284.82324,-0.0043724915,0.0012186185,0.116757594,0.5314249,1135.2521,18.432579,0.2709999,0.9059829,2.3180008,0.10461905,0.03663418,1.5887359,5.6386724,2.6915553,5.145059,134.93665,5.0730677,4.5256047,0.2368164,0.04638672,0.16219278,0.040986303,1.4484861,1.3107762,7.692636,471.1686,-1.3773469,0.57677907,0.77389985,17.780441,artefact,,empty field fits; near M31 center
695211400132782,2.1414995,0.23893805,0.03539823,0.15720741,1.6762147,577461440.0,0.7132511,1.5860004,3.660393,-0.012452671,8.7066735e-05,341.04663,-0.003992171,0.0014661612,0.13548908,0.5935701,637.3891,18.663054,0.33800125,0.86725664,3.1539993,0.11225608,0.05018672,3.635429,7.5266495,4.144548,5.494601,210.45094,5.2278357,4.009264,0.12109375,0.04736328,0.15789366,0.04122532,0.81514794,0.9557979,7.5168495,520.6244,-1.171845,0.65977955,0.6963122,17.840738,artefact,,empty field fits; near M31 center
695211200009296,0.28500032,0.008032128,0.008032128,0.061689757,1.9819304,540178700.0,0.012000084,0.026599884,157.29442,2.9147131e-06,1.7647499e-05,10.474158,2.0233008e-06,6.175132e-05,0.13141009,0.56388927,36.864258,15.340067,0.006000519,1.0,0.5390005,0.0024809088,0.0009779872,0.20280607,6.233849,0.11877788,5.901601,0.16500698,5.7157254,1.8634218,0.20963287,0.054611206,0.27985764,0.025842698,0.62774086,0.50733584,3.3317003,10.431624,11.747142,0.03845256,0.31258884,15.339562,artefact,bad column,bad column
695211200013685,0.3685007,0.047808766,0.007968128,0.058393743,2.0662751,1345626600.0,0.025001526,0.048801422,154.5228,-4.9090045e-06,2.9397028e-05,3.6113605,5.0103503e-05,7.156723e-05,0.14936896,0.62088645,56.797916,17.395483,0.012001038,1.0,0.6520004,0.0038494621,0.0017421884,0.16883406,5.813951,0.10681769,5.7538958,0.09649622,5.4866147,1.8661405,0.21586609,0.052597046,0.26925364,0.034983948,0.6584079,0.54071194,3.306812,3.5969224,11.038878,0.04633114,0.49028498,17.394054,artefact,bad column,bad column
695211200020898,0.5830002,0.011952192,0.011952192,0.09252718,1.0707512,1963965800.0,0.017000198,0.037799835,118.73542,0.00022669093,2.1662694e-05,23.358442,0.00036742992,0.00013928609,0.14583167,0.5290645,255.80241,16.433073,0.0080013275,0.9920319,1.1150017,0.002922395,0.0012175678,1.0028633,5.5807304,0.5006094,5.5164394,0.3333492,4.958683,2.4604535,0.40345764,0.02747345,0.40806818,0.0070922775,1.18377,0.7038379,3.9821541,23.706402,10.653497,0.091269106,0.26945102,16.429142,artefact,bad column,bad column
695211200054816,0.5914993,0.035433073,0.003937008,0.073102444,1.9251318,1487775000.0,0.038999557,0.08329964,150.47217,8.103735e-05,4.7510806e-05,2.3342462,3.54677e-05,0.00011661937,0.13464601,0.6362512,109.56836,18.277145,0.020000458,0.996063,1.0609989,0.006097356,0.0029009029,0.14765431,6.778597,0.112967215,6.456572,0.13184851,6.401556,2.0134702,0.2069931,0.049079895,0.27319732,0.012179149,0.6437695,0.51359004,3.6351583,2.3380415,10.822567,0.07555108,0.604417,18.272182,artefact,bad column,bad column
695211200042829,0.25549984,0.01923077,0.0048076925,0.09075869,2.0028317,1065688400.0,0.017999649,0.032701492,142.23027,-5.57927e-05,2.1475647e-05,6.225327,-7.275967e-05,6.0032904e-05,0.14798984,0.7032954,38.052418,16.259163,0.009000778,1.0,0.4790001,0.0029097155,0.0014147889,159.86938,7.380486,0.99345225,7.2386646,1.0108473,6.8036995,2.1516178,0.21948242,0.052200317,0.28749427,0.03162567,0.61286294,0.5051928,3.880479,6.2310734,10.933451,0.036409028,0.41107422,16.258583,artefact,bad column,bad column
695211200007026,0.27700043,0.053497944,0.008230452,0.111264154,1.9211898,1033385660.0,0.0227499,0.041399956,143.11374,-0.0001384934,1.7232223e-05,9.613309,-0.00015341259,5.7218243e-05,0.1524882,0.6521619,48.060417,15.331143,0.011000633,1.0,0.50699997,0.0036792578,0.001761333,0.49880606,18.322966,0.9983111,15.358687,0.33277038,15.346681,5.558254,0.23254395,0.03968048,0.09436859,0.02783301,0.62849665,0.55972993,10.36085,9.859694,10.582652,0.03705819,0.4494653,15.330574,artefact,bad column,bad column
695211200077003,0.5885,0.013245033,0.0066225166,0.08463153,1.9087219,290807170.0,0.031000137,0.067998886,128.44926,-1.6936596e-05,5.144865e-05,4.251248,-0.00022492008,0.00019891062,0.14595987,0.5764775,46.510082,17.89603,0.016000748,0.9933775,1.1210003,0.0046341885,0.0021912812,148.4424,6.4791574,0.99165004,5.82779,0.6766308,5.5312586,1.6912196,0.30413818,0.045684814,0.3438819,0.029016977,0.61793256,0.43875352,2.9423342,4.2233295,10.906853,0.09494608,0.46657395,17.889412,artefact,bad column,bad column
695211200021087,0.27349997,0.024,0.008,0.0993361,1.9395391,503131040.0,0.015999794,0.029500008,127.530655,0.00013816376,1.6988568e-05,11.488583,0.00013445648,5.7581725e-05,0.13952406,0.67794913,25.368952,13.839103,0.00799942,1.0,0.49699974,0.0031078504,0.0014454686,1.041997,7.4656277,0.50993454,6.496051,1.0028793,6.402248,2.6102762,0.291214,0.045639038,0.14871605,0.021443432,0.7896549,0.5996251,4.5976768,11.690756,10.356498,0.03761092,0.3463035,13.839078,artefact,bad column,bad column
695211200046528,0.32900047,0.32806325,0.027667984,0.29413843,0.13328558,200644820.0,0.27524948,0.44999886,-0.7444942,-0.0007560875,4.2391912e-05,30.862524,-0.0009345773,0.00025318877,0.17475487,0.7060005,77.16331,18.088795,0.09900093,1.0,0.47500038,0.028207798,0.017616693,71.23449,56.260414,0.98526263,48.336243,1.0128126,47.440598,60.48457,0.034065247,0.0099105835,0.08344003,0.015820563,0.80589944,2.1354208,120.51012,32.011154,0.7057308,0.16776578,0.84450006,18.05676,Cepheid,,
695211200018901,0.3824997,0.38976377,0.03937008,0.3997096,0.10006091,392047400.0,0.27599907,0.5080986,-0.51766753,0.004182113,4.408836e-05,8.94912,0.003969921,0.0001382627,0.13192904,0.70478624,152.2117,18.210602,0.113500595,1.0,0.47850037,0.03300913,0.019616054,213.70013,59.69417,0.99441665,48.291378,1.0037582,46.75211,54.991024,0.046684265,0.014274597,0.105070636,0.030777276,0.80364084,1.8287365,109.52799,44.461517,-0.60998416,0.18505873,0.8304808,18.166067,RSG,,
695211200022958,0.27649975,0.42687747,0.007905139,0.31670344,0.20019001,458107300.0,0.2630005,0.38339996,-1.206424,0.0005056418,5.6657795e-05,15.177078,0.00079266925,0.00022397513,0.30938846,0.7900374,119.445564,18.529575,0.1269989,1.0,0.3430004,0.02379807,0.016362377,89.04311,52.149696,1.0099407,48.323944,0.9875391,43.52404,56.705387,0.038146973,0.011917114,0.10207219,0.020380884,0.74395704,2.159114,112.9905,15.428743,0.27380258,0.1480819,0.8952033,18.50071,uncat,single,Periodic; not red; in Gaia list
695211400134715,1.7515001,0.24060151,0.060150377,0.19236067,1.3777071,515234500.0,0.5090008,1.1816006,3.6513367,-0.0018325927,3.6675083e-05,1230.8918,-0.0013083841,0.0012370516,0.106210776,0.5464609,404.84476,16.889067,0.26399994,0.90225565,2.5030003,0.1104352,0.037982266,6.755681,6.602389,12.293769,5.630551,30.207546,4.4867344,3.9871747,0.12231445,0.05517578,0.18087685,0.041094147,0.95280194,1.0661887,7.3826127,1240.4816,-1.5583076,0.5502245,0.71547824,16.699701,artefact,M31 center,M31 center
695211200023594,0.8164997,0.012605042,0.012605042,0.09373537,2.006419,137915520.0,0.017999649,0.032699585,123.78242,-0.00035806274,1.9962414e-05,62.879734,-0.0005279534,0.00020087729,0.15486866,0.6697387,53.5987,15.521285,0.0089998245,0.99159664,1.5789995,0.0029145856,0.0014121857,194.32443,7.8849125,0.99375576,7.77839,0.49803558,6.6376185,2.457691,0.23949432,0.055610657,0.23542589,0.005905463,0.71158385,0.54807925,4.503853,64.038155,10.669263,0.12277629,0.2392172,15.517073,artefact,bad column,bad column
695211200015592,0.25449944,0.06910569,0.0121951215,0.06662694,1.9509553,1397009900.0,0.017000198,0.042798996,132.86319,8.040874e-05,2.3205359e-05,4.4990087,0.00010032737,5.3647873e-05,0.1258962,0.5374125,46.510082,16.727798,0.008998871,1.0,0.4719982,0.0033246302,0.0013753119,0.42456803,8.821571,0.29791963,8.033318,0.42754063,6.962389,2.8280685,0.1461029,0.05357361,0.26339975,0.042722505,0.66005754,0.57803476,5.298529,4.5320754,10.054455,0.034900386,0.4587791,16.72739,artefact,bad column,bad column
695211200010890,0.6484995,0.015936255,0.007968128,0.07787582,2.0231595,1339945500.0,0.029001236,0.05540085,129.29004,-5.442274e-05,3.416788e-05,5.511772,4.842775e-05,0.00013676369,0.1554142,0.685912,137.62578,17.704903,0.013999939,0.99601597,1.1539993,0.004726556,0.0021471414,0.567925,6.5498238,1.317572,6.017689,1.284316,5.7917953,2.0361948,0.16390991,0.055488586,0.26880673,0.016164122,0.679594,0.5397847,3.7399936,5.5016794,10.703814,0.087993376,0.43363693,17.69939,artefact,bad column,bad column
695211200018443,0.32999992,0.06122449,0.008163265,0.12990668,1.7643833,739619300.0,0.026248932,0.055000305,131.43297,-0.000105839055,2.3470358e-05,6.327204,-0.00012568152,6.942866e-05,0.14012538,0.6181856,41.26273,16.8351,0.013000488,1.0,0.60099983,0.0046636667,0.0020199853,0.9931746,8.550282,85.49247,8.508567,0.991792,8.48634,2.916988,0.15837097,0.043418884,0.2113741,0.013167353,0.6471025,0.6077376,5.360515,6.379963,9.881482,0.044723526,0.5109473,16.834017,artefact,bad column,bad column
695211200019653,0.13650036,0.35826772,0.003937008,0.118390255,0.5228573,198343070.0,0.12400055,0.18349934,-1.1416365,-0.00011467192,1.7364488e-05,38.043083,-0.000109773726,0.00010889505,0.29916653,0.7356935,27.30625,15.312946,0.058000565,1.0,0.15600014,0.014152203,0.008820599,7.714806,51.371883,1.1470753,47.12212,0.88415444,41.24201,53.130573,0.041656494,0.012702942,0.104360744,0.01527338,0.76494676,2.0526445,105.831245,38.085136,0.18702921,0.07067893,0.8845782,15.309025,uncat,single,Periodic; short period 8 days; X-ray source nearby; Ceph Pop II???
695211100020379,0.119000435,0.19689119,0.020725388,0.13913207,1.5904183,26686642000.0,0.024000168,0.04319954,30.015148,-3.4834615e-05,2.7154472e-05,1.7076111,-3.444782e-05,3.5484278e-05,0.12874252,0.67133206,229.37701,16.344961,0.01199913,1.0,0.1970005,0.0034683945,0.0017741014,2.8116632,9.389619,1.5504897,7.491697,0.6020472,7.254857,3.7171698,0.14830017,0.047729492,0.13878708,0.020299306,0.76353025,0.7139269,6.910515,1.7073345,-3.5440578,0.022213046,0.6536896,16.344957,artefact,plane/flying body,plane/flying body
695211100127578,0.46850014,0.013605442,0.006802721,0.08178491,1.8948476,298653500.0,0.034749985,0.062799454,114.46415,0.00040225833,5.186693e-05,16.352533,0.0002621369,0.0001578188,0.13207182,0.68470764,39.10887,17.47035,0.017000198,1.0,0.8640003,0.0050698193,0.0024604753,0.28591776,7.725336,0.22227602,7.7128925,0.18180783,6.320473,2.0626578,0.2532196,0.047668457,0.27937794,0.027084934,0.5558572,0.45183158,3.6102118,16.6543,-10.053292,0.07577956,0.29936254,17.464514,uncat,1-point transient,1-point transient (1 mag brighter); two (binary?) blue stars. Re-do photometry
695211100096377,0.56900024,0.020408163,0.013605442,0.076424085,2.076936,508653220.0,0.039499283,0.06760025,105.53864,0.0002497497,6.710225e-05,14.333333,2.9390518e-05,0.00017718958,0.16928867,0.6538288,66.629166,17.970482,0.019001007,0.99319726,0.93499947,0.005159582,0.0024587777,0.61578315,5.662558,0.3809758,5.4557858,1.6062441,5.1730013,1.6361482,0.25242615,0.04888916,0.32148516,0.010764746,0.661381,0.4869013,2.8910255,14.328826,-9.34083,0.08375153,0.2886525,17.961155,uncat,1-point transient,1-point transient (1 mag brighter); two (binary?) stars. Orbiting? Re-do photometry
695211100005490,0.27350044,0.103626944,0.005181347,0.07994359,2.01869,44750810000.0,0.03325081,0.07019997,76.269135,-7.040417e-06,4.3492164e-05,3.3327854,-8.61608e-06,6.8904745e-05,0.1178573,0.5826382,573.9677,17.68562,0.017000198,1.0,0.47599983,0.0047970554,0.0023123692,0.4730656,7.108479,0.32098347,6.870444,1.2425526,6.6589336,2.243425,0.23898315,0.046051025,0.09960162,0.024812344,0.61430603,0.5358471,3.9322686,3.3154871,-6.9489,0.043027215,0.4738805,17.683578,artefact,plane/flying body,plane/flying body
695211200000865,0.4944992,0.089686096,0.004484305,0.089246295,1.8568084,38489166000.0,0.050750732,0.09899902,97.26359,9.020397e-05,6.6608874e-05,6.708185,3.099622e-05,0.00011230231,0.15697518,0.65353346,957.0517,18.73816,0.02599907,1.0,0.8669987,0.006796812,0.003451727,0.11522205,7.0804467,0.041299846,7.010152,0.15254161,6.982514,2.4062285,0.14225006,0.05105591,0.2398281,0.013338778,0.68603444,0.59689766,4.4200134,6.685887,-8.046447,0.071053945,0.36950293,18.727661,uncat,1-point transient,"1-point transient (1 mag brighter). Periodicity at ""flat"" part. Re-do photometry"
695211100008614,0.3600006,0.09326425,0.010362694,0.093381055,1.9658283,36100927000.0,0.04424858,0.08139992,82.996124,9.050689e-05,5.365934e-05,4.7249928,7.2097995e-05,9.1475005e-05,0.14234078,0.69779974,684.0332,18.070805,0.02199936,1.0,0.6499996,0.0062173996,0.0031419871,0.09911413,5.938634,0.15741012,5.9163404,0.1347403,5.906596,2.0862653,0.2654724,0.047790527,0.07473562,0.025060112,0.6890136,0.5676004,3.493052,4.7143574,-7.494743,0.057209317,0.43892133,18.066273,artefact,plane/flying body,plane/flying body
695211100011888,1.3330002,0.13675214,0.008547009,0.11532288,1.8282027,21109300000.0,0.22125053,0.44620132,39.934406,0.0020022467,0.00046030764,22.072495,0.0004503782,0.0006088579,0.11107763,0.6461242,2588.6719,20.570383,0.11000061,0.991453,2.2469997,0.030738235,0.014002014,15.595233,7.696745,19.779318,6.036513,27.963865,4.7947984,2.8904145,0.10644531,0.04345703,0.22618742,0.031185046,0.58065283,0.67966366,5.454789,22.044764,-4.9028106,0.26928976,0.52488345,20.13419,artefact,plane/flying body,plane/flying body
695211100003209,0.19099998,0.20725389,0.005181347,0.08758567,1.8821633,24314070000.0,0.032749176,0.07080078,33.84293,7.31315e-06,4.900504e-05,1.5159937,7.70414e-06,5.5859564e-05,0.19104792,0.59181035,338.25,17.908468,0.016000748,1.0,0.3179989,0.0050556296,0.00233938,0.17261018,7.5509443,0.8381025,6.9503183,0.15652347,6.6678424,3.10856,0.20137024,0.050308228,0.12985536,0.022558436,0.82074165,0.71906835,5.6325054,1.508308,-3.9087698,0.03488103,0.6181289,17.907131,artefact,plane/flying body,plane/flying body
695211100002099,1.191,0.13157895,0.019736841,0.09421233,1.7381654,24780263000.0,0.21650124,0.3892002,35.23273,0.0006651825,0.0003405055,16.93025,-2.5952824e-07,0.00046244918,0.1203368,0.6734329,2216.5967,20.353756,0.1079998,0.9934211,2.0949993,0.030238835,0.012853721,0.60826284,7.4569025,27.671791,7.138817,0.37800163,6.8642864,2.9458404,0.13986206,0.05114746,0.12182793,0.026145095,0.7201335,0.6946427,5.3799934,16.843328,-4.50634,0.2403244,0.47859547,20.068195,artefact,plane/flying body,plane/flying body
695211300006331,0.33850002,0.1119403,0.08955224,0.18277729,0.8208102,81213656.0,0.03999996,0.28600025,6.113687,0.00039966794,2.7064954e-05,107.49932,0.0003704236,0.0002673448,0.03024261,0.17727323,34.882057,14.443905,0.019000053,1.0,0.63049984,0.034455232,0.003521947,0.7847021,8.691904,0.43946537,8.593758,1.5699787,8.549637,7.5709076,0.11859131,0.05555725,0.26301792,0.03677078,1.1307003,1.6151125,14.696904,108.35397,2.6877196,0.14744501,0.6186466,14.449681,EB,,CRTS J003827.1+410334
695211400018326,0.53250027,0.057268724,0.008810572,0.054637857,2.0299087,1031159300.0,0.0454998,0.08760071,106.24699,8.6634194e-05,5.417804e-05,12.145888,-8.837522e-05,0.000118150776,0.13615201,0.6746429,105.95,18.051142,0.022001266,0.99559474,0.93100166,0.0066715996,0.0032734682,1.0273938,6.703069,0.5063966,6.4013453,0.11596282,6.3231297,2.3569098,0.1499176,0.05239868,0.22244585,0.03597285,0.72269815,0.6115798,4.291348,12.102906,-8.793608,0.07483335,0.32555577,18.039146,uncat,1-point transient,"1-point transient (1 mag brighter). Periodicity at ""flat"" part. Re-do photometry"
695211100020857,1.2250004,0.14035088,0.01754386,0.09694866,1.7786701,21071950000.0,0.25300026,0.4517002,27.959238,0.0011708274,0.00045056702,13.539449,-3.7708087e-05,0.0005980638,0.19686517,0.7037847,1892.3516,20.528725,0.12950134,0.99122804,1.9559994,0.026111078,0.015474844,2.5563922,4.91922,14.997501,4.184034,1.5979973,4.177324,2.0179818,0.17163086,0.064208984,0.2360976,0.023454413,0.73466194,0.67752886,3.531774,13.479441,-3.7591465,0.25734937,0.48498175,20.23402,artefact,plane/flying body,plane/flying body
695211100025106,0.12400055,0.23958333,0.020833334,0.13398854,1.7924967,23709360000.0,0.020999908,0.04629898,18.916641,1.992403e-05,2.7450462e-05,1.6585983,1.8267981e-05,3.5538866e-05,0.13178733,0.64793605,202.95161,16.381273,0.01099968,1.0,0.17300034,0.0037050275,0.001831092,0.1856924,8.730495,41.95556,8.282686,0.97526586,8.264909,3.3510413,0.115982056,0.048080444,0.18475024,0.019044068,0.6394911,0.6977423,6.315627,1.652589,-2.3352141,0.02198072,0.6708648,16.381178,artefact,plane/flying body,plane/flying body
695211100021872,0.809,0.08994709,0.01058201,0.06602101,1.7798861,32217758000.0,0.068250656,0.14379883,86.77019,9.42073e-05,0.00010432763,11.927462,-5.395296e-05,0.000184248,0.10616417,0.64256155,1291.6936,19.04382,0.034999847,0.994709,1.2950001,0.01132106,0.004849609,1.3242028,9.547928,4.0605536,8.346049,0.5694283,7.897513,3.3830333,0.1315918,0.04953003,0.22648875,0.013455554,0.66655475,0.64509994,6.3629317,11.868056,-7.574275,0.11392438,0.32887644,19.008932,artefact,plane/flying body,plane/flying body
695211300006502,0.043999672,0.33333334,0.037037037,0.2023014,1.6415651,1351793200.0,0.015999794,0.036999702,0.67438483,-5.3467225e-05,3.380466e-05,0.6036633,-5.259621e-05,2.6264535e-05,0.19276112,0.6189138,20.024885,12.899769,0.0084991455,1.0,0.046500206,0.0032173614,0.0017753713,5.30489,6.021703,74.08553,5.1304655,47.74401,4.545712,3.190503,0.22875977,0.05029297,0.14713918,0.03724969,1.0937333,0.89871484,5.6672173,0.620316,-0.0062651173,0.014176818,0.7829516,12.899777,Star,,
695211200082131,1.6350002,0.1984127,0.023809524,0.14964539,1.5246154,1684544500.0,0.35300064,0.7378998,20.765339,0.014397283,0.0003003418,40.102673,-0.00047591008,0.0009155305,0.11202881,0.610923,476.72177,20.669725,0.1864996,0.97619045,2.7200012,0.044448722,0.021751504,25.688839,9.598193,28.543156,8.57556,1.040034,6.0205946,4.9938774,0.095458984,0.036132812,0.18980455,0.029846236,0.7739869,0.9652568,9.562855,58.166656,-3.2911732,0.37167218,0.6447549,19.806051,uncat,1-point transient,"1-point transient (2.5 mag brighter). I checked fits, by eye :) photometry see the difference. Re-do photometry"
695211100018408,1.1695004,0.10625,0.0125,0.13483194,1.7392399,28556421000.0,0.17299843,0.31550026,62.198475,0.0016337069,0.00027676055,23.802502,0.00055334356,0.00038415293,0.14253393,0.68462574,2071.7822,20.081799,0.086499214,0.99375,2.0819988,0.021650383,0.010750528,0.39295253,8.2082615,0.28198534,7.8657556,2.11126,7.0349116,3.0911274,0.21066284,0.048828125,0.18173742,0.022043986,0.7852738,0.66608745,5.661683,23.872261,-6.3733535,0.20764259,0.4318505,19.83154,artefact,plane/flying body,plane/flying body
695211100131796,0.53950024,0.13157895,0.042105265,0.1779359,1.3063905,24367989000.0,0.080999374,0.17000008,13.153122,-0.00080894737,3.631696e-05,15.53085,-0.00067684066,0.00014770706,0.14612564,0.641183,962.95764,17.299643,0.040499687,1.0,0.6155014,0.012653466,0.0062979152,82.301956,21.149864,1.0098399,20.724176,0.986561,18.47161,10.309682,0.09213257,0.03578186,0.19758359,0.028775612,0.621619,0.9466435,20.329374,18.078314,-0.13990575,0.096841045,0.6330332,17.292273,LBV?,,"Has interesting variability. HII region, PSO J011.0457+41.5548 -- Object of unknown nature/LBV candidate"
695211100131134,0.6005001,0.17721519,0.012658228,0.14451219,1.5487614,23407632000.0,0.14500046,0.24809837,18.93432,0.0005063518,0.00012155829,7.969207,0.0004719307,0.00025406404,0.12900044,0.70415527,1151.1089,18.99027,0.072999954,0.9936709,0.96100044,0.018741144,0.0092019895,27.737951,17.335737,1.0355134,16.202873,0.9644628,15.617123,7.551196,0.113464355,0.040542603,0.12968901,0.020488191,0.80066967,0.8262494,14.553784,8.028589,-2.6053813,0.12932889,0.5370042,18.959682,artefact,plane/flying body,"STILL LOOKS UNKNOWN VARIABLE, plane/flying body"
695211200077906,0.33750057,0.12025317,0.094936706,0.20802657,1.1486853,528294300.0,0.029001236,0.37179947,3.8359768,-0.0010956195,2.9209858e-05,126.73291,-0.00090898626,0.0003009337,0.020649029,0.11215821,176.1289,16.856552,0.013999939,1.0,0.6154995,0.03234325,0.0024647792,128.13718,10.55235,0.9913901,8.964101,0.51306176,7.955118,6.909749,0.12313843,0.05038452,0.17398101,0.04096493,1.2041762,1.2062551,13.130699,134.9177,-2.2850504,0.16130565,0.70649123,16.837383,uncat,binary,EB? Red and blue stars
695211100080479,1.2574997,0.18181819,0.027972028,0.095684275,1.8887619,21100427000.0,0.23550034,0.48320007,22.81047,0.00066377415,0.00036625797,13.336379,-0.00028824093,0.00052233157,0.16222475,0.6411446,1998.8488,20.406387,0.11400032,0.993007,1.9589996,0.030835455,0.015163287,0.21444225,7.647629,0.27309263,7.620845,0.48371518,7.159139,2.9013753,0.13238525,0.050689697,0.20470126,0.023870284,0.7100855,0.6781938,5.425469,13.265559,-3.1118336,0.25418013,0.47334635,20.145468,artefact,plane/flying body,plane/flying body
695211100004663,0.66950035,0.083769634,0.015706806,0.0668124,2.03162,34817450000.0,0.065999985,0.14660072,76.69042,-4.3274587e-05,0.000100359626,7.324576,-0.00011444332,0.00016045675,0.1466829,0.6432391,1143.7097,19.004562,0.033000946,0.9947644,1.0939999,0.009721106,0.0049618166,0.31002495,8.923659,1.0956436,7.3138227,0.23659797,6.8952456,2.9096906,0.15072632,0.050354004,0.22517912,0.019379018,0.66512305,0.58590364,5.414562,7.287023,-6.8645186,0.09956464,0.3504904,18.98193,artefact,plane/flying body,plane/flying body
695211400010060,1.2395,0.17924528,0.009433962,0.16247566,1.2340575,1278398100.0,0.29400063,0.56960106,20.844795,0.011193705,0.0005910072,3.8802912,0.0031290893,0.0008141963,0.14956996,0.6476468,444.5521,20.934029,0.14650059,0.990566,1.9759998,0.032014173,0.017611127,1.0370188,7.9387693,27.369886,7.7497845,0.81570715,7.1904716,3.784504,0.1616211,0.04901123,0.11748029,0.099089056,0.8683834,0.84173316,6.915622,7.2612114,-3.0719223,0.28383428,0.46159327,20.706877,uncat,1-point transient,1-point transient (2 mag brighter). Red star. Re-do photometry
695211400088066,1.8170004,0.1030303,0.030303031,0.17827511,1.0030303,2381036300.0,0.39724922,0.6550007,18.30701,-0.023271779,0.00016178553,92.28205,-0.0041643265,0.0008989573,0.15859684,0.70686847,1200.7883,19.46668,0.18900108,0.969697,2.8640003,0.045234412,0.023725307,201.89862,10.014876,0.9945745,9.087375,1.0039712,7.429126,5.480752,0.1282959,0.050628662,0.24449925,0.033766136,1.0006388,1.0107337,10.489251,217.87314,-3.374247,0.43439615,0.6999154,18.520348,artefact,,empty field fits; near M31 center
695211400134229,1.9320002,0.25174826,0.02097902,0.14115296,1.4704621,2283908400.0,1.0774994,1.6289997,1.66488,-0.0026272838,6.1364975e-05,586.71216,-0.0010424772,0.001410438,0.07597103,0.7717,1068.6593,18.352547,0.17900085,0.74125874,3.3099995,0.097392626,0.06730374,11.8587675,5.5359,34.19278,5.4537673,11.525656,5.424905,3.1259477,0.118652344,0.044921875,0.15221266,0.029357368,0.9848462,0.9623894,5.6169767,595.49133,-1.3516325,0.68488884,0.76980084,17.579498,artefact,,empty field fits; near M31 center
695211400025927,0.70149994,0.2970297,0.03960396,0.33383873,0.78062904,337253700.0,0.32300186,0.6267986,0.55221796,0.01456067,0.0019970164,0.6696411,0.013075744,0.0016255986,0.14972487,0.6303454,376.30444,20.654884,0.1630001,1.0,0.83600044,0.036697447,0.019143352,75.48024,22.005486,0.984097,21.872698,0.4949524,18.809864,13.823113,0.062438965,0.023345947,0.14012107,0.027622215,0.6233672,1.2258536,27.272932,1.195005,0.32463968,0.2425609,0.79127884,20.601425,uncat,red star,red star
695211200057718,0.92800045,0.3263889,0.027777778,0.41611478,0.24338081,404207460.0,0.67550087,1.3195992,-0.69258595,-0.0010048778,0.00021666277,5.9691296,-0.0006312147,0.000830602,0.14562573,0.6963475,400.8625,20.445074,0.2329998,0.9027778,1.3040009,0.07186647,0.045362074,142.89816,14.468458,1.0063251,8.399423,0.9918891,8.274351,27.892439,0.041503906,0.021484375,0.09424645,0.017759794,1.0495095,3.7602122,55.255604,6.077719,0.7552895,0.48053893,0.8023811,20.208523,uncat,,EB?
695211400008325,1.731,0.19166666,0.075,0.12394415,1.8704184,1348177900.0,0.5089989,1.8670006,2.1325464,0.00829779,0.00024336523,109.78123,0.0011774487,0.0015434725,0.052016728,0.47509313,1242.5089,19.95815,0.21800137,0.84166664,2.8605003,0.116385445,0.04383598,4.2011037,7.231756,3.034475,5.5882215,1.4886519,4.997847,3.635402,0.1237793,0.053710938,0.2075427,0.018746097,0.77260745,0.908352,6.908807,118.62356,-1.6715392,0.7258693,0.86344737,18.593077,artefact,,"fast peaks, artefact? We see something on the images but does not correspond the automatic photometry"
695211200013613,0.6494999,0.04568528,0.015228426,0.13212836,1.4668177,2799570700.0,0.04799843,0.10979843,52.713604,-0.00048012228,6.9467926e-05,3.2454963,-0.00081832125,0.0002241534,0.11956548,0.5664802,429.05664,18.644321,0.024000168,0.9898477,1.1210003,0.008531151,0.003339345,207.77246,6.4489155,0.9936512,5.984059,0.27468598,4.814432,3.7916555,0.36083984,0.0340271,0.05374893,0.018408656,1.5030067,0.96399945,6.3205643,3.470881,6.768634,0.13163646,0.5531242,18.629534,artefact,bad column,bad column
695211300007276,0.3000002,0.43283582,0.0,0.29593632,0.16823065,235406320.0,0.3880005,0.4675007,-1.7332584,-0.00041787687,6.776616e-05,24.255318,-0.0004556066,0.00035753334,0.5883721,0.8849187,84.99219,18.062656,0.15399933,1.0,0.397501,0.02850866,0.023008266,52.307117,30.494938,0.9801608,29.511776,1.0163943,27.776094,33.19552,0.045288086,0.015472412,0.12764497,0.017317323,0.8756576,2.1458545,65.89698,24.36068,0.17346473,0.19696434,0.9349769,18.008938,Cepheid,,
695211400066438,1.7519999,0.23076923,0.057692308,0.09218019,1.9193575,5872233500.0,0.7099991,2.0712013,0.648592,0.0024249107,0.00038339893,51.797,0.00026887894,0.002119426,0.1010385,0.5435968,2396.2903,20.403524,0.34899902,0.8557692,2.4925003,0.12236802,0.054611515,12.484208,5.462073,1.8534983,5.11068,6.9606194,4.4780917,2.4126956,0.15478516,0.057861328,0.16824684,0.02614867,0.79657197,0.7453393,4.3120613,51.682423,-1.1308814,0.7634022,0.8921678,19.265198,artefact,spaceship,spaceship
695211100015190,0.9819994,0.13821138,0.08130081,0.3538058,0.23317128,137418660.0,0.46425056,0.81159973,2.1629202,0.0054333988,0.0005859929,4.179454,0.0087162675,0.001121379,0.105582915,0.7518472,306.34158,20.04168,0.19600105,0.9186992,1.5599995,0.079323344,0.030675597,142.08838,26.03922,0.99131423,24.144777,1.0053422,22.23931,17.78949,0.07296753,0.030975342,0.16943073,0.049908265,0.822073,1.3334061,35.070377,4.851675,1.575419,0.42978132,0.8045532,19.868694,uncat,red star,Variable; red star
695211200050499,1.0220003,0.04,0.035,0.13290057,1.890792,14396784000.0,0.023500443,0.045999527,34.62074,1.4665559e-05,2.4826506e-05,130.75462,1.6172053e-05,0.0004709261,0.065698616,0.5869304,2099.3354,16.29076,0.01199913,0.97,1.9750004,0.008433947,0.0016620611,0.24910045,8.637878,0.19937032,8.220112,0.33193976,7.6942554,4.4129605,0.11621094,0.050994873,0.22143763,0.0043460582,0.8027801,0.9321203,8.372119,130.098,5.7487245,0.24635404,0.3477947,16.263908,artefact,bad column,bad column
695211200059173,0.47949982,0.012145749,0.012145749,0.049906373,2.1135883,17976986000.0,0.015999794,0.033599854,72.56351,9.744926e-05,1.7581038e-05,21.825302,0.00010844878,8.457301e-05,0.14185868,0.59522593,521.2158,15.019023,0.00799942,1.0,0.5099993,0.0028161963,0.0013315249,0.1562996,6.595955,0.1852992,6.3923235,0.13514867,6.0378957,2.436763,0.21609497,0.056121826,0.15486132,0.07463527,0.7330048,0.63353187,4.3670025,21.849022,-1.0216521,0.05304114,0.30089825,15.018671,uncat,binary,"two blue stars, companion is known. Check better"
